region,pais,anio,llegadas
AMÉRICA DEL NORTE,Canadá,2017,201921
AMÉRICA DEL NORTE,Estados Unidos,2017,1199241
AMÉRICA DEL NORTE,México,2017,106783
AMÉRICA CENTRAL,Belice,2017,970
AMÉRICA CENTRAL,El Salvador,2017,81091
AMÉRICA CENTRAL,Guatemala,2017,78032
AMÉRICA CENTRAL,Honduras,2017,40300
AMÉRICA CENTRAL,Nicaragua,2017,429990
AMÉRICA CENTRAL,Panamá,2017,104795
AMÉRICA DEL SUR,Argentina,2017,30992
AMÉRICA DEL SUR,Bolivia,2017,2115
AMÉRICA DEL SUR,Brasil,2017,21485
AMÉRICA DEL SUR,Chile,2017,13555
AMÉRICA DEL SUR,Colombia,2017,47953
AMÉRICA DEL SUR,Ecuador,2017,6306
AMÉRICA DEL SUR,Guyana,2017,248
AMÉRICA DEL SUR,Guyana Francesa,2017,
AMÉRICA DEL SUR,Paraguay,2017,1017
AMÉRICA DEL SUR,Perú,2017,13261
AMÉRICA DEL SUR,Surinam,2017,91
AMÉRICA DEL SUR,Uruguay,2017,4099
AMÉRICA DEL SUR,Venezuela,2017,40277
CARIBE,Bahamas,2017,423
CARIBE,Bermuda,2017,364
CARIBE,Cuba,2017,3167
CARIBE,Haití,2017,399
CARIBE,Jamaica,2017,982
CARIBE,Puerto Rico,2017,13
CARIBE,República Dominicana,2017,5956
CARIBE,Trinidad y Tobago,2017,1356
CARIBE,Otros Caribe,2017,721
EUROPA,Alemania,2017,70960
EUROPA,Austria,2017,7688
EUROPA,Bélgica,2017,12275
EUROPA,Dinamarca,2017,6123
EUROPA,Eslovaquia,2017,1236
EUROPA,España,2017,69782
EUROPA,Finlandia,2017,1894
EUROPA,Francia,2017,69803
EUROPA,Hungría,2017,1357
EUROPA,Irlanda,2017,4321
EUROPA,Israel,2017,14563
EUROPA,Italia,2017,29047
EUROPA,Noruega,2017,3485
EUROPA,Países Bajos,2017,30316
EUROPA,Polonia,2017,4186
EUROPA,Portugal,2017,4268
EUROPA,Reino Unido,2017,76173
EUROPA,Republica Checa,2017,3028
EUROPA,Rumanía,2017,1695
EUROPA,Rusia,2017,4657
EUROPA,Suecia,2017,9985
EUROPA,Suiza,2017,25395
EUROPA,Otros Europa,2017,10058
OTRAS ZONAS,Otras zonas,2017,59671
AMÉRICA DEL NORTE,Canadá,2018,217006
AMÉRICA DEL NORTE,Estados Unidos,2018,1265067
AMÉRICA DEL NORTE,México,2018,98918
AMÉRICA CENTRAL,Belice,2018,964
AMÉRICA CENTRAL,El Salvador,2018,76937
AMÉRICA CENTRAL,Guatemala,2018,65633
AMÉRICA CENTRAL,Honduras,2018,38135
AMÉRICA CENTRAL,Nicaragua,2018,416915
AMÉRICA CENTRAL,Panamá,2018,92802
AMÉRICA DEL SUR,Argentina,2018,40832
AMÉRICA DEL SUR,Bolivia,2018,2181
AMÉRICA DEL SUR,Brasil,2018,22329
AMÉRICA DEL SUR,Chile,2018,18297
AMÉRICA DEL SUR,Colombia,2018,46723
AMÉRICA DEL SUR,Ecuador,2018,6280
AMÉRICA DEL SUR,Guyana,2018,214
AMÉRICA DEL SUR,Guyana Francesa,2018,
AMÉRICA DEL SUR,Paraguay,2018,1005
AMÉRICA DEL SUR,Perú,2018,14865
AMÉRICA DEL SUR,Surinam,2018,98
AMÉRICA DEL SUR,Uruguay,2018,4392
AMÉRICA DEL SUR,Venezuela,2018,33197
CARIBE,Bahamas,2018,355
CARIBE,Bermuda,2018,344
CARIBE,Cuba,2018,3149
CARIBE,Haití,2018,409
CARIBE,Jamaica,2018,997
CARIBE,Puerto Rico,2018,7
CARIBE,República Dominicana,2018,5897
CARIBE,Trinidad y Tobago,2018,1212
CARIBE,Otros Caribe,2018,627
EUROPA,Alemania,2018,74574
EUROPA,Austria,2018,8089
EUROPA,Bélgica,2018,12381
EUROPA,Dinamarca,2018,6574
EUROPA,Eslovaquia,2018,1323
EUROPA,España,2018,68634
EUROPA,Finlandia,2018,1824
EUROPA,Francia,2018,74032
EUROPA,Hungría,2018,1636
EUROPA,Irlanda,2018,4578
EUROPA,Israel,2018,14359
EUROPA,Italia,2018,29171
EUROPA,Noruega,2018,3784
EUROPA,Países Bajos,2018,32561
EUROPA,Polonia,2018,5056
EUROPA,Portugal,2018,5808
EUROPA,Reino Unido,2018,74338
EUROPA,Republica Checa,2018,3909
EUROPA,Rumanía,2018,2032
EUROPA,Rusia,2018,4765
EUROPA,Suecia,2018,11117
EUROPA,Suiza,2018,28884
EUROPA,Otros Europa,2018,10673
OTRAS ZONAS,Otras zonas,2018,60778
AMÉRICA DEL NORTE,Canadá,2019,234621
AMÉRICA DEL NORTE,Estados Unidos,2019,1334777
AMÉRICA DEL NORTE,México,2019,97173
AMÉRICA CENTRAL,Belice,2019,1103
AMÉRICA CENTRAL,El Salvador,2019,78948
AMÉRICA CENTRAL,Guatemala,2019,69471
AMÉRICA CENTRAL,Honduras,2019,42024
AMÉRICA CENTRAL,Nicaragua,2019,414983
AMÉRICA CENTRAL,Panamá,2019,92072
AMÉRICA DEL SUR,Argentina,2019,37948
AMÉRICA DEL SUR,Bolivia,2019,2638
AMÉRICA DEL SUR,Brasil,2019,26815
AMÉRICA DEL SUR,Chile,2019,21235
AMÉRICA DEL SUR,Colombia,2019,44557
AMÉRICA DEL SUR,Ecuador,2019,6434
AMÉRICA DEL SUR,Guyana,2019,290
AMÉRICA DEL SUR,Guyana Francesa,2019,
AMÉRICA DEL SUR,Paraguay,2019,1603
AMÉRICA DEL SUR,Perú,2019,17007
AMÉRICA DEL SUR,Surinam,2019,89
AMÉRICA DEL SUR,Uruguay,2019,5041
AMÉRICA DEL SUR,Venezuela,2019,31924
CARIBE,Bahamas,2019,367
CARIBE,Bermuda,2019,339
CARIBE,Cuba,2019,3042
CARIBE,Haití,2019,502
CARIBE,Jamaica,2019,1180
CARIBE,Puerto Rico,2019,5
CARIBE,República Dominicana,2019,6071
CARIBE,Trinidad y Tobago,2019,1371
CARIBE,Otros Caribe,2019,633
EUROPA,Alemania,2019,80580
EUROPA,Austria,2019,8322
EUROPA,Bélgica,2019,12256
EUROPA,Dinamarca,2019,7191
EUROPA,Eslovaquia,2019,1296
EUROPA,España,2019,69745
EUROPA,Finlandia,2019,1832
EUROPA,Francia,2019,77013
EUROPA,Hungría,2019,1966
EUROPA,Irlanda,2019,4411
EUROPA,Israel,2019,14869
EUROPA,Italia,2019,30196
EUROPA,Noruega,2019,4007
EUROPA,Países Bajos,2019,34712
EUROPA,Polonia,2019,6212
EUROPA,Portugal,2019,5953
EUROPA,Reino Unido,2019,78562
EUROPA,Republica Checa,2019,3723
EUROPA,Rumanía,2019,2091
EUROPA,Rusia,2019,5562
EUROPA,Suecia,2019,10979
EUROPA,Suiza,2019,27841
EUROPA,Otros Europa,2019,11283
OTRAS ZONAS,Otras zonas,2019,64143
AMÉRICA DEL NORTE,Canadá,2020,115632
AMÉRICA DEL NORTE,Estados Unidos,2020,434775
AMÉRICA DEL NORTE,México,2020,20603
AMÉRICA CENTRAL,Belice,2020,203
AMÉRICA CENTRAL,El Salvador,2020,20898
AMÉRICA CENTRAL,Guatemala,2020,18549
AMÉRICA CENTRAL,Honduras,2020,10171
AMÉRICA CENTRAL,Nicaragua,2020,123956
AMÉRICA CENTRAL,Panamá,2020,28597
AMÉRICA DEL SUR,Argentina,2020,10571
AMÉRICA DEL SUR,Bolivia,2020,584
AMÉRICA DEL SUR,Brasil,2020,6466
AMÉRICA DEL SUR,Chile,2020,6487
AMÉRICA DEL SUR,Colombia,2020,11254
AMÉRICA DEL SUR,Ecuador,2020,1446
AMÉRICA DEL SUR,Guyana,2020,45
AMÉRICA DEL SUR,Guyana Francesa,2020,
AMÉRICA DEL SUR,Paraguay,2020,234
AMÉRICA DEL SUR,Perú,2020,4029
AMÉRICA DEL SUR,Surinam,2020,14
AMÉRICA DEL SUR,Uruguay,2020,1436
AMÉRICA DEL SUR,Venezuela,2020,7671
CARIBE,Bahamas,2020,79
CARIBE,Bermuda,2020,47
CARIBE,Cuba,2020,1126
CARIBE,Haití,2020,121
CARIBE,Jamaica,2020,223
CARIBE,Puerto Rico,2020,0
CARIBE,República Dominicana,2020,1313
CARIBE,Trinidad y Tobago,2020,217
CARIBE,Otros Caribe,2020,121
EUROPA,Alemania,2020,28821
EUROPA,Austria,2020,3146
EUROPA,Bélgica,2020,3777
EUROPA,Dinamarca,2020,3255
EUROPA,Eslovaquia,2020,556
EUROPA,España,2020,14801
EUROPA,Finlandia,2020,728
EUROPA,Francia,2020,35267
EUROPA,Hungría,2020,880
EUROPA,Irlanda,2020,1212
EUROPA,Israel,2020,4351
EUROPA,Italia,2020,8936
EUROPA,Noruega,2020,1172
EUROPA,Países Bajos,2020,10421
EUROPA,Polonia,2020,2340
EUROPA,Portugal,2020,1459
EUROPA,Reino Unido,2020,24623
EUROPA,Republica Checa,2020,1966
EUROPA,Rumanía,2020,855
EUROPA,Rusia,2020,2049
EUROPA,Suecia,2020,4283
EUROPA,Suiza,2020,10487
EUROPA,Otros Europa,2020,4564
OTRAS ZONAS,Otras zonas,2020,15095
AMÉRICA DEL NORTE,Canadá,2021,53185
AMÉRICA DEL NORTE,Estados Unidos,2021,868986
AMÉRICA DEL NORTE,México,2021,36621
AMÉRICA CENTRAL,Belice,2021,274
AMÉRICA CENTRAL,El Salvador,2021,12300
AMÉRICA CENTRAL,Guatemala,2021,15638
AMÉRICA CENTRAL,Honduras,2021,7436
AMÉRICA CENTRAL,Nicaragua,2021,27634
AMÉRICA CENTRAL,Panamá,2021,15143
AMÉRICA DEL SUR,Argentina,2021,8868
AMÉRICA DEL SUR,Bolivia,2021,797
AMÉRICA DEL SUR,Brasil,2021,11864
AMÉRICA DEL SUR,Chile,2021,5200
AMÉRICA DEL SUR,Colombia,2021,14919
AMÉRICA DEL SUR,Ecuador,2021,1798
AMÉRICA DEL SUR,Guyana,2021,100
AMÉRICA DEL SUR,Guyana Francesa,2021,1
AMÉRICA DEL SUR,Paraguay,2021,310
AMÉRICA DEL SUR,Perú,2021,5996
AMÉRICA DEL SUR,Surinam,2021,11
AMÉRICA DEL SUR,Uruguay,2021,1883
AMÉRICA DEL SUR,Venezuela,2021,8474
CARIBE,Bahamas,2021,252
CARIBE,Bermuda,2021,61
CARIBE,Cuba,2021,739
CARIBE,Haití,2021,341
CARIBE,Jamaica,2021,622
CARIBE,Puerto Rico,2021,0
CARIBE,República Dominicana,2021,1798
CARIBE,Trinidad y Tobago,2021,354
CARIBE,Otros Caribe,2021,285
EUROPA,Alemania,2021,34700
EUROPA,Austria,2021,3827
EUROPA,Bélgica,2021,5460
EUROPA,Dinamarca,2021,3045
EUROPA,Eslovaquia,2021,1122
EUROPA,España,2021,41857
EUROPA,Finlandia,2021,569
EUROPA,Francia,2021,32199
EUROPA,Hungría,2021,1391
EUROPA,Irlanda,2021,1430
EUROPA,Israel,2021,13148
EUROPA,Italia,2021,9061
EUROPA,Noruega,2021,1021
EUROPA,Países Bajos,2021,10784
EUROPA,Polonia,2021,5533
EUROPA,Portugal,2021,3173
EUROPA,Reino Unido,2021,18048
EUROPA,Republica Checa,2021,5571
EUROPA,Rumanía,2021,1426
EUROPA,Rusia,2021,3506
EUROPA,Suecia,2021,3690
EUROPA,Suiza,2021,21643
EUROPA,Otros Europa,2021,7609
OTRAS ZONAS,Otras zonas,2021,15352
AMÉRICA DEL NORTE,Canadá,2022,183678
AMÉRICA DEL NORTE,Estados Unidos,2022,1290038
AMÉRICA DEL NORTE,México,2022,59786
AMÉRICA CENTRAL,Belice,2022,517
AMÉRICA CENTRAL,El Salvador,2022,28173
AMÉRICA CENTRAL,Guatemala,2022,30991
AMÉRICA CENTRAL,Honduras,2022,18733
AMÉRICA CENTRAL,Nicaragua,2022,78473
AMÉRICA CENTRAL,Panamá,2022,37355
AMÉRICA DEL SUR,Argentina,2022,20746
AMÉRICA DEL SUR,Bolivia,2022,1280
AMÉRICA DEL SUR,Brasil,2022,15878
AMÉRICA DEL SUR,Chile,2022,15317
AMÉRICA DEL SUR,Colombia,2022,25547
AMÉRICA DEL SUR,Ecuador,2022,4151
AMÉRICA DEL SUR,Guyana,2022,204
AMÉRICA DEL SUR,Guyana Francesa,2022,0
AMÉRICA DEL SUR,Paraguay,2022,798
AMÉRICA DEL SUR,Perú,2022,17163
AMÉRICA DEL SUR,Surinam,2022,50
AMÉRICA DEL SUR,Uruguay,2022,3661
AMÉRICA DEL SUR,Venezuela,2022,6057
CARIBE,Bahamas,2022,319
CARIBE,Bermuda,2022,99
CARIBE,Cuba,2022,697
CARIBE,Haití,2022,409
CARIBE,Jamaica,2022,874
CARIBE,Puerto Rico,2022,1
CARIBE,República Dominicana,2022,3839
CARIBE,Trinidad y Tobago,2022,696
CARIBE,Otros Caribe,2022,523
EUROPA,Alemania,2022,79701
EUROPA,Austria,2022,8402
EUROPA,Bélgica,2022,11861
EUROPA,Dinamarca,2022,8641
EUROPA,Eslovaquia,2022,1767
EUROPA,España,2022,58367
EUROPA,Finlandia,2022,1513
EUROPA,Francia,2022,65411
EUROPA,Hungría,2022,2252
EUROPA,Irlanda,2022,4969
EUROPA,Israel,2022,18770
EUROPA,Italia,2022,18089
EUROPA,Noruega,2022,3848
EUROPA,Países Bajos,2022,34518
EUROPA,Polonia,2022,7116
EUROPA,Portugal,2022,5169
EUROPA,Reino Unido,2022,77810
EUROPA,Republica Checa,2022,5762
EUROPA,Rumanía,2022,1974
EUROPA,Rusia,2022,4342
EUROPA,Suecia,2022,7727
EUROPA,Suiza,2022,29766
EUROPA,Otros Europa,2022,11868
OTRAS ZONAS,Otras zonas,2022,33841
AMÉRICA DEL NORTE,Canadá,2023,260744
AMÉRICA DEL NORTE,Estados Unidos,2023,1473620
AMÉRICA DEL NORTE,México,2023,85674
AMÉRICA CENTRAL,Belice,2023,782
AMÉRICA CENTRAL,El Salvador,2023,31849
AMÉRICA CENTRAL,Guatemala,2023,43075
AMÉRICA CENTRAL,Honduras,2023,20505
AMÉRICA CENTRAL,Nicaragua,2023,94083
AMÉRICA CENTRAL,Panamá,2023,45418
AMÉRICA DEL SUR,Argentina,2023,28564
AMÉRICA DEL SUR,Bolivia,2023,1859
AMÉRICA DEL SUR,Brasil,2023,21249
AMÉRICA DEL SUR,Chile,2023,20164
AMÉRICA DEL SUR,Colombia,2023,29267
AMÉRICA DEL SUR,Ecuador,2023,5698
AMÉRICA DEL SUR,Guyana,2023,287
AMÉRICA DEL SUR,Guyana Francesa,2023,0
AMÉRICA DEL SUR,Paraguay,2023,936
AMÉRICA DEL SUR,Perú,2023,17179
AMÉRICA DEL SUR,Surinam,2023,127
AMÉRICA DEL SUR,Uruguay,2023,4153
AMÉRICA DEL SUR,Venezuela,2023,4916
CARIBE,Bahamas,2023,522
CARIBE,Bermuda,2023,121
CARIBE,Cuba,2023,1033
CARIBE,Haití,2023,378
CARIBE,Jamaica,2023,993
CARIBE,Puerto Rico,2023,1
CARIBE,República Dominicana,2023,5156
CARIBE,Trinidad y Tobago,2023,1085
CARIBE,Otros Caribe,2023,773
EUROPA,Alemania,2023,91511
EUROPA,Austria,2023,9327
EUROPA,Bélgica,2023,12814
EUROPA,Dinamarca,2023,7968
EUROPA,Eslovaquia,2023,1783
EUROPA,España,2023,59242
EUROPA,Finlandia,2023,1993
EUROPA,Francia,2023,74484
EUROPA,Hungría,2023,2374
EUROPA,Irlanda,2023,5495
EUROPA,Israel,2023,15172
EUROPA,Italia,2023,21391
EUROPA,Noruega,2023,3998
EUROPA,Países Bajos,2023,37464
EUROPA,Polonia,2023,7496
EUROPA,Portugal,2023,5526
EUROPA,Reino Unido,2023,77376
EUROPA,Republica Checa,2023,6524
EUROPA,Rumanía,2023,2290
EUROPA,Rusia,2023,4861
EUROPA,Suecia,2023,7207
EUROPA,Suiza,2023,29429
EUROPA,Otros Europa,2023,13794
OTRAS ZONAS,Otras zonas,2023,51404
AMÉRICA DEL NORTE,Canadá,2024,272256
AMÉRICA DEL NORTE,Estados Unidos,2024,1621340
AMÉRICA DEL NORTE,México,2024,96129
AMÉRICA CENTRAL,Belice,2024,720
AMÉRICA CENTRAL,El Salvador,2024,28258
AMÉRICA CENTRAL,Guatemala,2024,45576
AMÉRICA CENTRAL,Honduras,2024,18710
AMÉRICA CENTRAL,Nicaragua,2024,95799
AMÉRICA CENTRAL,Panamá,2024,46797
AMÉRICA DEL SUR,Argentina,2024,28736
AMÉRICA DEL SUR,Bolivia,2024,1792
AMÉRICA DEL SUR,Brasil,2024,21484
AMÉRICA DEL SUR,Chile,2024,19340
AMÉRICA DEL SUR,Colombia,2024,31361
AMÉRICA DEL SUR,Ecuador,2024,6716
AMÉRICA DEL SUR,Guyana,2024,322
AMÉRICA DEL SUR,Guyana Francesa,2024,1
AMÉRICA DEL SUR,Paraguay,2024,982
AMÉRICA DEL SUR,Perú,2024,15852
AMÉRICA DEL SUR,Surinam,2024,107
AMÉRICA DEL SUR,Uruguay,2024,4465
AMÉRICA DEL SUR,Venezuela,2024,5308
CARIBE,Bahamas,2024,506
CARIBE,Bermuda,2024,64
CARIBE,Cuba,2024,1196
CARIBE,Haití,2024,446
CARIBE,Jamaica,2024,1057
CARIBE,Puerto Rico,2024,3
CARIBE,República Dominicana,2024,5496
CARIBE,Trinidad y Tobago,2024,1065
CARIBE,Otros Caribe,2024,795
EUROPA,Alemania,2024,86571
EUROPA,Austria,2024,9148
EUROPA,Bélgica,2024,13606
EUROPA,Dinamarca,2024,8155
EUROPA,Eslovaquia,2024,1746
EUROPA,España,2024,59201
EUROPA,Finlandia,2024,1893
EUROPA,Francia,2024,76685
EUROPA,Hungría,2024,2692
EUROPA,Irlanda,2024,5633
EUROPA,Israel,2024,10041
EUROPA,Italia,2024,21832
EUROPA,Noruega,2024,3780
EUROPA,Países Bajos,2024,36638
EUROPA,Polonia,2024,7708
EUROPA,Portugal,2024,5530
EUROPA,Reino Unido,2024,74674
EUROPA,Republica Checa,2024,6667
EUROPA,Rumanía,2024,2352
EUROPA,Rusia,2024,4177
EUROPA,Suecia,2024,7309
EUROPA,Suiza,2024,26541
EUROPA,Otros Europa,2024,13146
OTRAS ZONAS,Otras zonas,2024,61079
AMÉRICA DEL NORTE,Canadá,2025,274081
AMÉRICA DEL NORTE,Estados Unidos,2025,1627807
AMÉRICA DEL NORTE,México,2025,97712
AMÉRICA CENTRAL,Belice,2025,821
AMÉRICA CENTRAL,El Salvador,2025,30776
AMÉRICA CENTRAL,Guatemala,2025,46232
AMÉRICA CENTRAL,Honduras,2025,24439
AMÉRICA CENTRAL,Nicaragua,2025,97554
AMÉRICA CENTRAL,Panamá,2025,48028
AMÉRICA DEL SUR,Argentina,2025,36992
AMÉRICA DEL SUR,Bolivia,2025,1614
AMÉRICA DEL SUR,Brasil,2025,25995
AMÉRICA DEL SUR,Chile,2025,19339
AMÉRICA DEL SUR,Colombia,2025,34980
AMÉRICA DEL SUR,Ecuador,2025,7735
AMÉRICA DEL SUR,Guyana,2025,371
AMÉRICA DEL SUR,Guyana Francesa,2025,0
AMÉRICA DEL SUR,Paraguay,2025,1119
AMÉRICA DEL SUR,Perú,2025,17253
AMÉRICA DEL SUR,Surinam,2025,119
AMÉRICA DEL SUR,Uruguay,2025,5089
AMÉRICA DEL SUR,Venezuela,2025,4983
CARIBE,Bahamas,2025,735
CARIBE,Bermuda,2025,73
CARIBE,Cuba,2025,1666
CARIBE,Haití,2025,317
CARIBE,Jamaica,2025,893
CARIBE,Puerto Rico,2025,156
CARIBE,República Dominicana,2025,5646
CARIBE,Trinidad y Tobago,2025,973
CARIBE,Otros Caribe,2025,850
EUROPA,Alemania,2025,83500
EUROPA,Austria,2025,8728
EUROPA,Bélgica,2025,13143
EUROPA,Dinamarca,2025,7353
EUROPA,Eslovaquia,2025,1787
EUROPA,España,2025,57869
EUROPA,Finlandia,2025,1846
EUROPA,Francia,2025,71323
EUROPA,Hungría,2025,2608
EUROPA,Irlanda,2025,5256
EUROPA,Israel,2025,13317
EUROPA,Italia,2025,22710
EUROPA,Noruega,2025,3885
EUROPA,Países Bajos,2025,36125
EUROPA,Polonia,2025,8837
EUROPA,Portugal,2025,5422
EUROPA,Reino Unido,2025,70354
EUROPA,Republica Checa,2025,6815
EUROPA,Rumanía,2025,2318
EUROPA,Rusia,2025,3858
EUROPA,Suecia,2025,7235
EUROPA,Suiza,2025,23709
EUROPA,Otros Europa,2025,13644
OTRAS ZONAS,Otras zonas,2025,58001
