region,pais,anio,llegadas_aereas
AMÉRICA DEL NORTE,Canadá,2017,182662
AMÉRICA DEL NORTE,Estados Unidos,2017,1137006
AMÉRICA DEL NORTE,México,2017,101102
AMÉRICA CENTRAL,Belice,2017,839
AMÉRICA CENTRAL,El Salvador,2017,37538
AMÉRICA CENTRAL,Guatemala,2017,52207
AMÉRICA CENTRAL,Honduras,2017,15668
AMÉRICA CENTRAL,Nicaragua,2017,21246
AMÉRICA CENTRAL,Panamá,2017,37523
AMÉRICA DEL SUR,Argentina,2017,24474
AMÉRICA DEL SUR,Bolivia,2017,1936
AMÉRICA DEL SUR,Brasil,2017,19766
AMÉRICA DEL SUR,Chile,2017,11636
AMÉRICA DEL SUR,Colombia,2017,45218
AMÉRICA DEL SUR,Ecuador,2017,6008
AMÉRICA DEL SUR,Guyana,2017,208
AMÉRICA DEL SUR,Guyana Francesa,2017,
AMÉRICA DEL SUR,Paraguay,2017,938
AMÉRICA DEL SUR,Perú,2017,12114
AMÉRICA DEL SUR,Surinam,2017,88
AMÉRICA DEL SUR,Uruguay,2017,3585
AMÉRICA DEL SUR,Venezuela,2017,31663
CARIBE,Bahamas,2017,414
CARIBE,Bermuda,2017,341
CARIBE,Cuba,2017,3085
CARIBE,Haití,2017,384
CARIBE,Jamaica,2017,932
CARIBE,Puerto Rico,2017,13
CARIBE,República Dominicana,2017,5749
CARIBE,Trinidad y Tobago,2017,1300
CARIBE,Otros Caribe,2017,685
EUROPA,Alemania,2017,54424
EUROPA,Austria,2017,5996
EUROPA,Bélgica,2017,10364
EUROPA,Dinamarca,2017,4938
EUROPA,Eslovaquia,2017,921
EUROPA,España,2017,61413
EUROPA,Finlandia,2017,1366
EUROPA,Francia,2017,61793
EUROPA,Hungría,2017,1051
EUROPA,Irlanda,2017,3176
EUROPA,Israel,2017,11895
EUROPA,Italia,2017,23693
EUROPA,Noruega,2017,2706
EUROPA,Países Bajos,2017,24524
EUROPA,Polonia,2017,2818
EUROPA,Portugal,2017,3571
EUROPA,Reino Unido,2017,63630
EUROPA,Republica Checa,2017,2266
EUROPA,Rumanía,2017,1322
EUROPA,Rusia,2017,3615
EUROPA,Suecia,2017,8238
EUROPA,Suiza,2017,21464
EUROPA,Otros Europa,2017,7882
OTRAS ZONAS,Otras zonas,2017,49840
AMÉRICA DEL NORTE,Canadá,2018,200320
AMÉRICA DEL NORTE,Estados Unidos,2018,1217511
AMÉRICA DEL NORTE,México,2018,94624
AMÉRICA CENTRAL,Belice,2018,865
AMÉRICA CENTRAL,El Salvador,2018,36491
AMÉRICA CENTRAL,Guatemala,2018,40490
AMÉRICA CENTRAL,Honduras,2018,17842
AMÉRICA CENTRAL,Nicaragua,2018,23594
AMÉRICA CENTRAL,Panamá,2018,30168
AMÉRICA DEL SUR,Argentina,2018,33341
AMÉRICA DEL SUR,Bolivia,2018,2026
AMÉRICA DEL SUR,Brasil,2018,20659
AMÉRICA DEL SUR,Chile,2018,16114
AMÉRICA DEL SUR,Colombia,2018,44180
AMÉRICA DEL SUR,Ecuador,2018,6002
AMÉRICA DEL SUR,Guyana,2018,201
AMÉRICA DEL SUR,Guyana Francesa,2018,
AMÉRICA DEL SUR,Paraguay,2018,926
AMÉRICA DEL SUR,Perú,2018,13763
AMÉRICA DEL SUR,Surinam,2018,98
AMÉRICA DEL SUR,Uruguay,2018,3977
AMÉRICA DEL SUR,Venezuela,2018,31432
CARIBE,Bahamas,2018,341
CARIBE,Bermuda,2018,331
CARIBE,Cuba,2018,3073
CARIBE,Haití,2018,387
CARIBE,Jamaica,2018,966
CARIBE,Puerto Rico,2018,7
CARIBE,República Dominicana,2018,5702
CARIBE,Trinidad y Tobago,2018,1159
CARIBE,Otros Caribe,2018,595
EUROPA,Alemania,2018,61048
EUROPA,Austria,2018,6705
EUROPA,Bélgica,2018,10855
EUROPA,Dinamarca,2018,5587
EUROPA,Eslovaquia,2018,994
EUROPA,España,2018,61286
EUROPA,Finlandia,2018,1426
EUROPA,Francia,2018,66984
EUROPA,Hungría,2018,1338
EUROPA,Irlanda,2018,3792
EUROPA,Israel,2018,11803
EUROPA,Italia,2018,24373
EUROPA,Noruega,2018,3108
EUROPA,Países Bajos,2018,27946
EUROPA,Polonia,2018,3729
EUROPA,Portugal,2018,4872
EUROPA,Reino Unido,2018,66708
EUROPA,Republica Checa,2018,3123
EUROPA,Rumanía,2018,1744
EUROPA,Rusia,2018,3789
EUROPA,Suecia,2018,9512
EUROPA,Suiza,2018,25175
EUROPA,Otros Europa,2018,8825
OTRAS ZONAS,Otras zonas,2018,52981
AMÉRICA DEL NORTE,Canadá,2019,218982
AMÉRICA DEL NORTE,Estados Unidos,2019,1283112
AMÉRICA DEL NORTE,México,2019,90794
AMÉRICA CENTRAL,Belice,2019,965
AMÉRICA CENTRAL,El Salvador,2019,35949
AMÉRICA CENTRAL,Guatemala,2019,43084
AMÉRICA CENTRAL,Honduras,2019,17619
AMÉRICA CENTRAL,Nicaragua,2019,18299
AMÉRICA CENTRAL,Panamá,2019,28414
AMÉRICA DEL SUR,Argentina,2019,30615
AMÉRICA DEL SUR,Bolivia,2019,2301
AMÉRICA DEL SUR,Brasil,2019,23769
AMÉRICA DEL SUR,Chile,2019,18357
AMÉRICA DEL SUR,Colombia,2019,41988
AMÉRICA DEL SUR,Ecuador,2019,5917
AMÉRICA DEL SUR,Guyana,2019,235
AMÉRICA DEL SUR,Guyana Francesa,2019,
AMÉRICA DEL SUR,Paraguay,2019,1308
AMÉRICA DEL SUR,Perú,2019,15615
AMÉRICA DEL SUR,Surinam,2019,89
AMÉRICA DEL SUR,Uruguay,2019,4475
AMÉRICA DEL SUR,Venezuela,2019,28966
CARIBE,Bahamas,2019,351
CARIBE,Bermuda,2019,330
CARIBE,Cuba,2019,2809
CARIBE,Haití,2019,484
CARIBE,Jamaica,2019,1135
CARIBE,Puerto Rico,2019,5
CARIBE,República Dominicana,2019,5822
CARIBE,Trinidad y Tobago,2019,1326
CARIBE,Otros Caribe,2019,606
EUROPA,Alemania,2019,67357
EUROPA,Austria,2019,7020
EUROPA,Bélgica,2019,11029
EUROPA,Dinamarca,2019,6321
EUROPA,Eslovaquia,2019,999
EUROPA,España,2019,62783
EUROPA,Finlandia,2019,1490
EUROPA,Francia,2019,70641
EUROPA,Hungría,2019,1656
EUROPA,Irlanda,2019,3705
EUROPA,Israel,2019,12248
EUROPA,Italia,2019,25388
EUROPA,Noruega,2019,3389
EUROPA,Países Bajos,2019,30502
EUROPA,Polonia,2019,4475
EUROPA,Portugal,2019,5228
EUROPA,Reino Unido,2019,70972
EUROPA,Republica Checa,2019,3072
EUROPA,Rumanía,2019,1761
EUROPA,Rusia,2019,4467
EUROPA,Suecia,2019,9805
EUROPA,Suiza,2019,24692
EUROPA,Otros Europa,2019,9284
OTRAS ZONAS,Otras zonas,2019,56295
AMÉRICA DEL NORTE,Canadá,2020,107964
AMÉRICA DEL NORTE,Estados Unidos,2020,419978
AMÉRICA DEL NORTE,México,2020,19524
AMÉRICA CENTRAL,Belice,2020,176
AMÉRICA CENTRAL,El Salvador,2020,7868
AMÉRICA CENTRAL,Guatemala,2020,9151
AMÉRICA CENTRAL,Honduras,2020,3904
AMÉRICA CENTRAL,Nicaragua,2020,5015
AMÉRICA CENTRAL,Panamá,2020,6632
AMÉRICA DEL SUR,Argentina,2020,8513
AMÉRICA DEL SUR,Bolivia,2020,528
AMÉRICA DEL SUR,Brasil,2020,5991
AMÉRICA DEL SUR,Chile,2020,5609
AMÉRICA DEL SUR,Colombia,2020,10559
AMÉRICA DEL SUR,Ecuador,2020,1399
AMÉRICA DEL SUR,Guyana,2020,41
AMÉRICA DEL SUR,Guyana Francesa,2020,
AMÉRICA DEL SUR,Paraguay,2020,219
AMÉRICA DEL SUR,Perú,2020,3709
AMÉRICA DEL SUR,Surinam,2020,14
AMÉRICA DEL SUR,Uruguay,2020,1284
AMÉRICA DEL SUR,Venezuela,2020,6925
CARIBE,Bahamas,2020,72
CARIBE,Bermuda,2020,44
CARIBE,Cuba,2020,769
CARIBE,Haití,2020,116
CARIBE,Jamaica,2020,213
CARIBE,Puerto Rico,2020,0
CARIBE,República Dominicana,2020,1276
CARIBE,Trinidad y Tobago,2020,207
CARIBE,Otros Caribe,2020,113
EUROPA,Alemania,2020,23845
EUROPA,Austria,2020,2601
EUROPA,Bélgica,2020,3339
EUROPA,Dinamarca,2020,2932
EUROPA,Eslovaquia,2020,455
EUROPA,España,2020,13354
EUROPA,Finlandia,2020,596
EUROPA,Francia,2020,32576
EUROPA,Hungría,2020,760
EUROPA,Irlanda,2020,1007
EUROPA,Israel,2020,3845
EUROPA,Italia,2020,7510
EUROPA,Noruega,2020,981
EUROPA,Países Bajos,2020,8947
EUROPA,Polonia,2020,1795
EUROPA,Portugal,2020,1252
EUROPA,Reino Unido,2020,22288
EUROPA,Republica Checa,2020,1666
EUROPA,Rumanía,2020,738
EUROPA,Rusia,2020,1625
EUROPA,Suecia,2020,3673
EUROPA,Suiza,2020,9281
EUROPA,Otros Europa,2020,3957
OTRAS ZONAS,Otras zonas,2020,12997
AMÉRICA DEL NORTE,Canadá,2021,49917
AMÉRICA DEL NORTE,Estados Unidos,2021,852182
AMÉRICA DEL NORTE,México,2021,35703
AMÉRICA CENTRAL,Belice,2021,267
AMÉRICA CENTRAL,El Salvador,2021,11257
AMÉRICA CENTRAL,Guatemala,2021,14998
AMÉRICA CENTRAL,Honduras,2021,5374
AMÉRICA CENTRAL,Nicaragua,2021,5106
AMÉRICA CENTRAL,Panamá,2021,6972
AMÉRICA DEL SUR,Argentina,2021,8058
AMÉRICA DEL SUR,Bolivia,2021,773
AMÉRICA DEL SUR,Brasil,2021,11503
AMÉRICA DEL SUR,Chile,2021,4898
AMÉRICA DEL SUR,Colombia,2021,14610
AMÉRICA DEL SUR,Ecuador,2021,1762
AMÉRICA DEL SUR,Guyana,2021,92
AMÉRICA DEL SUR,Guyana Francesa,2021,1
AMÉRICA DEL SUR,Paraguay,2021,299
AMÉRICA DEL SUR,Perú,2021,5786
AMÉRICA DEL SUR,Surinam,2021,8
AMÉRICA DEL SUR,Uruguay,2021,1764
AMÉRICA DEL SUR,Venezuela,2021,8109
CARIBE,Bahamas,2021,244
CARIBE,Bermuda,2021,61
CARIBE,Cuba,2021,729
CARIBE,Haití,2021,337
CARIBE,Jamaica,2021,604
CARIBE,Puerto Rico,2021,0
CARIBE,República Dominicana,2021,1776
CARIBE,Trinidad y Tobago,2021,345
CARIBE,Otros Caribe,2021,257
EUROPA,Alemania,2021,31739
EUROPA,Austria,2021,3531
EUROPA,Bélgica,2021,5073
EUROPA,Dinamarca,2021,2824
EUROPA,Eslovaquia,2021,1052
EUROPA,España,2021,39618
EUROPA,Finlandia,2021,533
EUROPA,Francia,2021,30129
EUROPA,Hungría,2021,1320
EUROPA,Irlanda,2021,1279
EUROPA,Israel,2021,10945
EUROPA,Italia,2021,8177
EUROPA,Noruega,2021,907
EUROPA,Países Bajos,2021,9699
EUROPA,Polonia,2021,5197
EUROPA,Portugal,2021,2925
EUROPA,Reino Unido,2021,16674
EUROPA,Republica Checa,2021,5351
EUROPA,Rumanía,2021,1263
EUROPA,Rusia,2021,3234
EUROPA,Suecia,2021,3437
EUROPA,Suiza,2021,20547
EUROPA,Otros Europa,2021,7185
OTRAS ZONAS,Otras zonas,2021,14052
AMÉRICA DEL NORTE,Canadá,2022,171033
AMÉRICA DEL NORTE,Estados Unidos,2022,1252469
AMÉRICA DEL NORTE,México,2022,57101
AMÉRICA CENTRAL,Belice,2022,455
AMÉRICA CENTRAL,El Salvador,2022,23572
AMÉRICA CENTRAL,Guatemala,2022,29015
AMÉRICA CENTRAL,Honduras,2022,11148
AMÉRICA CENTRAL,Nicaragua,2022,9156
AMÉRICA CENTRAL,Panamá,2022,13578
AMÉRICA DEL SUR,Argentina,2022,17731
AMÉRICA DEL SUR,Bolivia,2022,1174
AMÉRICA DEL SUR,Brasil,2022,14830
AMÉRICA DEL SUR,Chile,2022,13634
AMÉRICA DEL SUR,Colombia,2022,24816
AMÉRICA DEL SUR,Ecuador,2022,4041
AMÉRICA DEL SUR,Guyana,2022,182
AMÉRICA DEL SUR,Guyana Francesa,2022,0
AMÉRICA DEL SUR,Paraguay,2022,752
AMÉRICA DEL SUR,Perú,2022,16118
AMÉRICA DEL SUR,Surinam,2022,46
AMÉRICA DEL SUR,Uruguay,2022,3363
AMÉRICA DEL SUR,Venezuela,2022,5797
CARIBE,Bahamas,2022,312
CARIBE,Bermuda,2022,98
CARIBE,Cuba,2022,655
CARIBE,Haití,2022,400
CARIBE,Jamaica,2022,849
CARIBE,Puerto Rico,2022,1
CARIBE,República Dominicana,2022,3741
CARIBE,Trinidad y Tobago,2022,668
CARIBE,Otros Caribe,2022,490
EUROPA,Alemania,2022,66716
EUROPA,Austria,2022,7134
EUROPA,Bélgica,2022,10515
EUROPA,Dinamarca,2022,7717
EUROPA,Eslovaquia,2022,1596
EUROPA,España,2022,53217
EUROPA,Finlandia,2022,1236
EUROPA,Francia,2022,59504
EUROPA,Hungría,2022,2066
EUROPA,Irlanda,2022,4105
EUROPA,Israel,2022,14590
EUROPA,Italia,2022,15448
EUROPA,Noruega,2022,3251
EUROPA,Países Bajos,2022,28693
EUROPA,Polonia,2022,6067
EUROPA,Portugal,2022,4709
EUROPA,Reino Unido,2022,70425
EUROPA,Republica Checa,2022,5070
EUROPA,Rumanía,2022,1640
EUROPA,Rusia,2022,3640
EUROPA,Suecia,2022,6775
EUROPA,Suiza,2022,26109
EUROPA,Otros Europa,2022,10609
OTRAS ZONAS,Otras zonas,2022,29903
AMÉRICA DEL NORTE,Canadá,2023,242970
AMÉRICA DEL NORTE,Estados Unidos,2023,1431644
AMÉRICA DEL NORTE,México,2023,81964
AMÉRICA CENTRAL,Belice,2023,647
AMÉRICA CENTRAL,El Salvador,2023,26247
AMÉRICA CENTRAL,Guatemala,2023,40470
AMÉRICA CENTRAL,Honduras,2023,12248
AMÉRICA CENTRAL,Nicaragua,2023,8245
AMÉRICA CENTRAL,Panamá,2023,17173
AMÉRICA DEL SUR,Argentina,2023,23718
AMÉRICA DEL SUR,Bolivia,2023,1711
AMÉRICA DEL SUR,Brasil,2023,19788
AMÉRICA DEL SUR,Chile,2023,17776
AMÉRICA DEL SUR,Colombia,2023,28463
AMÉRICA DEL SUR,Ecuador,2023,5554
AMÉRICA DEL SUR,Guyana,2023,264
AMÉRICA DEL SUR,Guyana Francesa,2023,0
AMÉRICA DEL SUR,Paraguay,2023,877
AMÉRICA DEL SUR,Perú,2023,15984
AMÉRICA DEL SUR,Surinam,2023,122
AMÉRICA DEL SUR,Uruguay,2023,3747
AMÉRICA DEL SUR,Venezuela,2023,4722
CARIBE,Bahamas,2023,505
CARIBE,Bermuda,2023,118
CARIBE,Cuba,2023,998
CARIBE,Haití,2023,370
CARIBE,Jamaica,2023,952
CARIBE,Puerto Rico,2023,0
CARIBE,República Dominicana,2023,5043
CARIBE,Trinidad y Tobago,2023,1015
CARIBE,Otros Caribe,2023,758
EUROPA,Alemania,2023,75461
EUROPA,Austria,2023,7785
EUROPA,Bélgica,2023,11269
EUROPA,Dinamarca,2023,6960
EUROPA,Eslovaquia,2023,1495
EUROPA,España,2023,53782
EUROPA,Finlandia,2023,1673
EUROPA,Francia,2023,67469
EUROPA,Hungría,2023,2103
EUROPA,Irlanda,2023,4414
EUROPA,Israel,2023,12079
EUROPA,Italia,2023,18224
EUROPA,Noruega,2023,3324
EUROPA,Países Bajos,2023,31502
EUROPA,Polonia,2023,6260
EUROPA,Portugal,2023,4999
EUROPA,Reino Unido,2023,67962
EUROPA,Republica Checa,2023,5596
EUROPA,Rumanía,2023,1914
EUROPA,Rusia,2023,3978
EUROPA,Suecia,2023,6230
EUROPA,Suiza,2023,25473
EUROPA,Otros Europa,2023,12028
OTRAS ZONAS,Otras zonas,2023,45077
AMÉRICA DEL NORTE,Canadá,2024,257395
AMÉRICA DEL NORTE,Estados Unidos,2024,1587138
AMÉRICA DEL NORTE,México,2024,92404
AMÉRICA CENTRAL,Belice,2024,614
AMÉRICA CENTRAL,El Salvador,2024,22826
AMÉRICA CENTRAL,Guatemala,2024,42485
AMÉRICA CENTRAL,Honduras,2024,11969
AMÉRICA CENTRAL,Nicaragua,2024,8373
AMÉRICA CENTRAL,Panamá,2024,17678
AMÉRICA DEL SUR,Argentina,2024,25009
AMÉRICA DEL SUR,Bolivia,2024,1680
AMÉRICA DEL SUR,Brasil,2024,20102
AMÉRICA DEL SUR,Chile,2024,17377
AMÉRICA DEL SUR,Colombia,2024,30531
AMÉRICA DEL SUR,Ecuador,2024,6529
AMÉRICA DEL SUR,Guyana,2024,294
AMÉRICA DEL SUR,Guyana Francesa,2024,1
AMÉRICA DEL SUR,Paraguay,2024,934
AMÉRICA DEL SUR,Perú,2024,14964
AMÉRICA DEL SUR,Surinam,2024,107
AMÉRICA DEL SUR,Uruguay,2024,4157
AMÉRICA DEL SUR,Venezuela,2024,5085
CARIBE,Bahamas,2024,490
CARIBE,Bermuda,2024,64
CARIBE,Cuba,2024,1154
CARIBE,Haití,2024,434
CARIBE,Jamaica,2024,1018
CARIBE,Puerto Rico,2024,3
CARIBE,República Dominicana,2024,5360
CARIBE,Trinidad y Tobago,2024,1020
CARIBE,Otros Caribe,2024,760
EUROPA,Alemania,2024,73654
EUROPA,Austria,2024,7784
EUROPA,Bélgica,2024,12328
EUROPA,Dinamarca,2024,6915
EUROPA,Eslovaquia,2024,1521
EUROPA,España,2024,54145
EUROPA,Finlandia,2024,1581
EUROPA,Francia,2024,70426
EUROPA,Hungría,2024,2479
EUROPA,Irlanda,2024,4473
EUROPA,Israel,2024,8557
EUROPA,Italia,2024,19410
EUROPA,Noruega,2024,3227
EUROPA,Países Bajos,2024,31746
EUROPA,Polonia,2024,6413
EUROPA,Portugal,2024,5007
EUROPA,Reino Unido,2024,66343
EUROPA,Republica Checa,2024,5879
EUROPA,Rumanía,2024,2079
EUROPA,Rusia,2024,3425
EUROPA,Suecia,2024,6461
EUROPA,Suiza,2024,23181
EUROPA,Otros Europa,2024,11603
OTRAS ZONAS,Otras zonas,2024,54896
AMÉRICA DEL NORTE,Canadá,2025,260347
AMÉRICA DEL NORTE,Estados Unidos,2025,1594882
AMÉRICA DEL NORTE,México,2025,94115
AMÉRICA CENTRAL,Belice,2025,726
AMÉRICA CENTRAL,El Salvador,2025,24846
AMÉRICA CENTRAL,Guatemala,2025,42861
AMÉRICA CENTRAL,Honduras,2025,15240
AMÉRICA CENTRAL,Nicaragua,2025,8530
AMÉRICA CENTRAL,Panamá,2025,19829
AMÉRICA DEL SUR,Argentina,2025,32443
AMÉRICA DEL SUR,Bolivia,2025,1455
AMÉRICA DEL SUR,Brasil,2025,24589
AMÉRICA DEL SUR,Chile,2025,17541
AMÉRICA DEL SUR,Colombia,2025,34141
AMÉRICA DEL SUR,Ecuador,2025,7535
AMÉRICA DEL SUR,Guyana,2025,343
AMÉRICA DEL SUR,Guyana Francesa,2025,0
AMÉRICA DEL SUR,Paraguay,2025,1059
AMÉRICA DEL SUR,Perú,2025,16370
AMÉRICA DEL SUR,Surinam,2025,117
AMÉRICA DEL SUR,Uruguay,2025,4806
AMÉRICA DEL SUR,Venezuela,2025,4749
CARIBE,Bahamas,2025,706
CARIBE,Bermuda,2025,73
CARIBE,Cuba,2025,1595
CARIBE,Haití,2025,307
CARIBE,Jamaica,2025,858
CARIBE,Puerto Rico,2025,155
CARIBE,República Dominicana,2025,5516
CARIBE,Trinidad y Tobago,2025,941
CARIBE,Otros Caribe,2025,812
EUROPA,Alemania,2025,71805
EUROPA,Austria,2025,7508
EUROPA,Bélgica,2025,12069
EUROPA,Dinamarca,2025,6392
EUROPA,Eslovaquia,2025,1622
EUROPA,España,2025,53251
EUROPA,Finlandia,2025,1606
EUROPA,Francia,2025,65692
EUROPA,Hungría,2025,2383
EUROPA,Irlanda,2025,4329
EUROPA,Israel,2025,11817
EUROPA,Italia,2025,20296
EUROPA,Noruega,2025,3194
EUROPA,Países Bajos,2025,31697
EUROPA,Polonia,2025,7176
EUROPA,Portugal,2025,4968
EUROPA,Reino Unido,2025,63471
EUROPA,Republica Checa,2025,5974
EUROPA,Rumanía,2025,1998
EUROPA,Rusia,2025,3188
EUROPA,Suecia,2025,6369
EUROPA,Suiza,2025,20924
EUROPA,Otros Europa,2025,12091
OTRAS ZONAS,Otras zonas,2025,51971
